{
  "eval_loss": 0.30279040336608887,
  "eval_accuracy": 0.8885227896760022,
  "eval_runtime": 25.0882,
  "eval_samples_per_second": 217.752,
  "eval_steps_per_second": 27.224,
  "epoch": 3.0
}